id,price
1,10.383
2,6.163
3,8.812
4,7.994
5,6.91
6,6.436
7,6.679
8,6.41
9,6.345
10,6.322
11,5.781
12,5.105
13,5.004
14,4.517
15,4.308
16,4.712
17,4.375
18,3.825
19,3.416
20,3.713
21,3.384
22,3.64
23,3.6
24,3.389
25,4.581
26,4.43
27,4.444
28,4.443
29,3.919
30,4.219
31,4.382
32,4.134
33,4.099
34,3.947
35,3.884
36,3.499
37,3.613
38,3.858
39,3.563
40,3.398
41,3.23
42,2.953
43,2.974
44,2.976
45,2.913
46,2.875
47,3.057
48,2.879
49,3
50,2.794
51,2.721
52,2.706
53,2.685
54,2.755
55,2.995
56,2.841
57,2.905
58,2.915
59,2.884
60,2.984
61,3.09
62,3.052
63,2.966
64,2.862
65,2.858
66,3.129
67,3.004
68,3.248
69,3.841
70,3.803
71,3.558
72,4.07
73,4.192
74,3.686
75,3.643
76,3.37
77,3.344
78,3.492
79,3.684
80,3.542
81,3.644
82,3.551
83,3.532
84,3.431
85,3.397
86,3.364
87,3.361
88,3.28
89,3.107
90,3.4
91,3.705
92,3.483
93,3.395
94,3.601
95,3.557
96,3.597
97,3.547
98,3.583
99,3.435
100,3.505
101,4.333
102,4.364
103,4.946
104,4.75
105,5.148
106,5.357
107,5.356
108,4.713
109,4.651
110,4.184
111,4.276
112,4.314
113,4.326
114,3.901
115,3.994
116,3.568
117,3.453
118,3.404
119,2.913
120,2.922
121,2.919
122,3.109
123,2.967
124,3.1
125,2.851
126,3.004
127,2.942
128,2.282
129,2.299
130,1.82
131,1.897
132,1.718
133,2.136
134,2.223
135,2.066
136,2.179
137,2.161
138,2.103
139,2.02
140,1.849
141,1.967
142,1.978
143,2.1
144,1.974
145,2.024
146,1.836
147,1.883
148,1.831
149,1.838
150,1.795
151,1.829
152,1.918
153,2.068
154,2.027
155,1.97
156,2.092
157,2.002
158,2.041
159,2.094
160,1.958
161,1.961
162,1.784
163,1.822
164,1.811
165,1.902
166,1.876
167,1.9
168,1.841
169,1.87
170,2.084
171,2.017
172,2.1
173,2.101
174,2.093
175,2.065
176,1.868
177,1.833
178,1.838
179,1.908
180,1.848
181,1.885
182,1.852
183,1.942
184,1.85
185,1.846
186,1.845
187,1.767
188,1.726
189,1.633
190,1.557
191,1.417
192,1.345
193,1.45
194,1.373
195,1.368
196,1.254
197,1.281
198,1.292
199,1.257
200,1.263
201,1.336
202,1.358
203,1.332
204,1.356
205,1.395
206,1.387
207,1.286
208,1.288
209,1.258
210,1.298
211,1.238
212,1.291
213,1.36
214,1.584
215,1.482
216,1.547
217,1.53
218,1.516
219,1.389
220,1.376
221,1.361
222,1.368
223,1.323
224,1.248
225,1.122
226,1.114
227,1.09
228,1.127
229,1.02
230,1.047
231,1.111
232,1.082
233,1.079
234,1.081
235,1.02
236,1.059
237,1.032
238,0.946
239,0.887
240,0.922
241,0.928
242,0.936
243,0.97
244,0.969
245,0.992
246,0.935
247,0.932
248,0.911
249,0.98
250,1.008
251,0.974
252,0.998
253,1.007
254,1.026
255,1.139
256,1.078
257,1.114
258,1.13
259,1.033
260,0.995
261,1.027
262,1.031
263,1.04
264,1.056
265,1.006
266,1.025
267,1.07
268,1.042
269,1.001
270,1
271,0.996
272,1
273,0.961
274,0.932
275,0.953
276,0.919
277,0.925
278,0.92
279,0.937
280,0.936
281,0.95
282,0.955
283,0.978
284,0.977
285,0.915
286,0.868
287,0.863
288,0.876
289,0.808
290,0.746
291,0.759
292,0.762
293,0.765
294,0.771
295,0.756
296,0.799
297,0.787
298,0.804
299,0.766
300,0.721
301,0.725
302,0.713
303,0.682
304,0.698
305,0.697
306,0.701
307,0.648
308,0.644
309,0.652
310,0.628
311,0.633
312,0.607
313,0.56
314,0.533
315,0.564
316,0.518
317,0.507
318,0.467
319,0.492
320,0.482
321,0.48
322,0.494
323,0.526
324,0.506
325,0.47
326,0.484
327,0.557
328,0.549
329,0.559
330,0.548
331,0.565
332,0.593
333,0.618
334,0.603
335,0.623
336,0.639
337,0.614
338,0.582
339,0.595
340,0.579
341,0.559
342,0.533
343,0.552
344,0.559
345,0.572
346,0.564
347,0.558
348,0.569
349,0.571
350,0.542
351,0.585
352,0.587
353,0.571
354,0.56
355,0.56
356,0.561
357,0.557
358,0.547
359,0.548
360,0.538
361,0.528
362,0.502
363,0.503
364,0.487
365,0.503
366,0.492
367,0.5
368,0.485
369,0.494
370,0.494
371,0.499
372,0.507
373,0.468
374,0.468
375,0.46
376,0.427
377,0.431
378,0.436
379,0.432
380,0.452
381,0.44
382,0.433
383,0.435
384,0.437
385,0.448
386,0.442
387,0.463
388,0.464
389,0.456
390,0.433
391,0.431
392,0.431
393,0.434
394,0.43
395,0.413
396,0.4
397,0.376
398,0.37
399,0.373
400,0.355
401,0.358
402,0.378
403,0.37
404,0.366
405,0.392
406,0.386
407,0.383
408,0.382
409,0.393
410,0.426
411,0.411
412,0.404
413,0.408
414,0.403
415,0.39
416,0.397
417,0.39
418,0.376
419,0.379
420,0.377
421,0.361
422,0.367
423,0.368
424,0.366
425,0.374
426,0.373
427,0.362
428,0.341
429,0.334
430,0.342
431,0.337
432,0.35
433,0.348
434,0.354
435,0.373
436,0.434
437,0.405
438,0.415
439,0.403
440,0.431
441,0.508
442,0.535
443,0.657
444,0.565
445,0.564
446,0.547
447,0.515
448,0.465
449,0.49
450,0.513
451,0.469
452,0.438
453,0.455
454,0.441
455,0.445
456,0.388
457,0.387
458,0.392
459,0.409
460,0.396
461,0.394
462,0.395
463,0.419
464,0.428
465,0.43
466,0.415
467,0.416
468,0.403
469,0.404
470,0.403
471,0.403
472,0.398
473,0.402
474,0.41
475,0.414
476,0.384
477,0.377
478,0.37
479,0.36
480,0.346
481,0.35
482,0.353
483,0.356
484,0.356
485,0.356
486,0.36
487,0.359
488,0.344
489,0.338
490,0.353
491,0.342
492,0.348
493,0.339
494,0.335
495,0.371
496,0.367
497,0.362
498,0.372
499,0.402
500,0.411
501,0.419
502,0.429
503,0.437
504,0.469
505,0.476
506,0.53
507,0.45
508,0.412
509,0.429
510,0.425
511,0.431
512,0.462
513,0.481
514,0.474
515,0.471
516,0.469
517,0.452
518,0.484
519,0.436
520,0.459
521,0.454
522,0.465
523,0.476
524,0.491
525,0.486
526,0.535
527,0.565
528,0.617
529,0.644
530,0.571
531,0.598
532,0.583
533,0.544
534,0.555
535,0.575
536,0.563
537,0.555
538,0.539
539,0.564
540,0.581
541,0.574
542,0.605
543,0.615
544,0.649
545,0.683
546,0.666
547,0.653
548,0.628
549,0.64
550,0.709
551,0.71
552,0.718
553,0.766
554,0.721
555,0.785
556,0.781
557,0.779
558,0.731
559,0.75
560,0.783
561,0.818
562,0.797
563,0.824
564,0.858
565,0.885
566,0.86
567,0.832
568,0.887
569,0.876
570,0.813
571,0.781
572,0.732
573,0.714
574,0.724
575,0.757
576,0.772
577,0.722
578,0.782
579,0.81
580,0.815
581,0.803
582,0.816
583,0.86
584,0.913
585,0.88
586,0.896
587,0.857
588,0.807
589,0.836
590,0.858
591,0.884
592,0.851
593,0.853
594,0.823
595,0.742
596,0.719
597,0.759
598,0.802
599,0.747
600,0.775
601,0.776
602,0.77
603,0.736
604,0.738
605,0.742
606,0.77
607,0.744
608,0.707
609,0.713
610,0.702
611,0.685
612,0.67
613,0.68
614,0.7
615,0.74
616,0.731
617,0.641
618,0.541
619,0.527
620,0.542
621,0.532
622,0.529
623,0.594
624,0.586
625,0.58
626,0.555
627,0.57
628,0.608
629,0.642
630,0.624
631,0.617
632,0.618
633,0.64
634,0.626
635,0.609
636,0.619
637,0.604
638,0.635
639,0.674
640,0.663
641,0.656
642,0.701
643,0.682
644,0.681
645,0.683
646,0.692
647,0.675
648,0.679
649,0.743
650,0.711
651,0.698
652,0.681
653,0.68
654,0.718
655,0.763
656,0.77
657,0.775
658,0.78
659,0.8
660,0.822
661,0.834
662,0.853
663,0.838
664,0.824
665,0.829
666,0.767
667,0.775
668,0.726
669,0.742
670,0.754
671,0.684
672,0.687
673,0.704
674,0.711
675,0.721
676,0.72
677,0.741
678,0.725
679,0.718
680,0.698
681,0.705
682,0.692
683,0.703
684,0.695
685,0.712
686,0.723
687,0.733
688,0.699
689,0.707
690,0.708
691,0.692
692,0.654
693,0.66
694,0.643
695,0.608
696,0.619
697,0.591
698,0.614
699,0.633
700,0.614
701,0.634
702,0.631
703,0.614
704,0.601
705,0.596
706,0.605
707,0.601
708,0.567
709,0.55
710,0.541
711,0.57
712,0.557
713,0.557
714,0.584
715,0.587
716,0.592
717,0.571
718,0.578
719,0.592
720,0.579
721,0.608
722,0.622
723,0.614
724,0.617
725,0.616
726,0.623
727,0.611
728,0.6
729,0.611
730,0.619
731,0.638
732,0.669
733,0.64
734,0.637
735,0.628
736,0.636
737,0.629
738,0.61
739,0.618
740,0.618
741,0.643
742,0.639
743,0.651
744,0.623
745,0.644
746,0.664
747,0.674
748,0.648
749,0.655
750,0.643
751,0.643
752,0.638
753,0.627
754,0.635
755,0.644
756,0.659
757,0.66
758,0.687
759,0.678
760,0.668
761,0.665
762,0.653
763,0.657
764,0.645
765,0.636
766,0.642
767,0.616
768,0.62
769,0.622
770,0.553
771,0.56
772,0.565
773,0.558
774,0.549
775,0.525
776,0.543
777,0.564
778,0.554
779,0.558
780,0.543
781,0.524
782,0.473
783,0.476
784,0.486
785,0.42
786,0.423
787,0.431
788,0.445
789,0.46
790,0.456
791,0.478
792,0.466
793,0.49
794,0.52
795,0.488
796,0.478
797,0.489
798,0.471
799,0.462
800,0.465
801,0.461
802,0.483
803,0.471
804,0.498
805,0.486
806,0.456
807,0.491
808,0.488
809,0.473
810,0.488
811,0.507
812,0.512
813,0.5
814,0.516
815,0.498
816,0.458
817,0.462
818,0.458
819,0.472
820,0.467
821,0.475
822,0.54
823,0.532
824,0.524
825,0.534
826,0.552
827,0.582
828,0.524
829,0.558
830,0.567
831,0.554
832,0.581
833,0.628
834,0.664
835,0.641
836,0.637
837,0.649
838,0.623
839,0.621
840,0.59
841,0.582
842,0.578
843,0.594
844,0.612
845,0.613
846,0.632
847,0.6
848,0.606
849,0.624
850,0.613
851,0.678
852,0.707
853,0.652
854,0.633
855,0.635
856,0.632
857,0.676
858,0.64
859,0.635
860,0.68
861,0.694
862,0.696
863,0.688
864,0.724
865,0.708
866,0.735
867,0.751
868,0.712
869,0.732
870,0.732
871,0.717
872,0.718
873,0.775
874,0.733
875,0.719
876,0.662
877,0.702
878,0.71
879,0.7
880,0.674
881,0.694
882,0.746
883,0.726
884,0.742
885,0.77
886,0.797
887,0.767
888,0.801
889,0.841
890,0.754
891,0.788
892,0.74
893,0.753
894,0.665
895,0.659
896,0.633
897,0.595
898,0.566
899,0.623
900,0.633
901,0.642
902,0.624
903,0.609
904,0.642
905,0.624
906,0.636
907,0.65
908,0.65
909,0.657
910,0.678
911,0.686
912,0.671
913,0.692
914,0.722
915,0.742
916,0.73
917,0.798
918,0.822
919,0.954
920,1.08
921,0.915
922,1.022
923,1.147
924,1.196
925,1.179
926,1.194
927,1.206
928,1.149
929,1.108
930,1.43
931,1.312
932,1.498
933,1.536
934,1.697
935,1.69
936,1.562
937,1.637
938,1.497
939,1.507
940,1.437
941,1.605
942,1.513
943,1.462
944,1.497
945,1.464
946,1.357
947,1.33
948,1.296
949,1.394
950,1.291
951,1.486
952,1.573
953,1.628
954,1.568
955,1.552
956,1.536
957,1.769
958,1.817
959,1.679
960,1.802
961,1.735
962,1.99
963,2
964,2.005
965,1.965
966,2.169
967,2.252
968,2.137
969,2.234
970,2.18
971,2.139
972,2.105
973,2.144
974,2.32
975,2.234
976,2.188
977,2.26
978,2.211
979,2.161
980,2.173
981,2.134
982,2.068
983,2.006
984,2.029
985,2.024
986,1.955
987,1.961
988,2.043
989,2.146
990,1.968
991,1.954
992,1.874
993,1.886
994,1.813
995,1.815
996,1.963
997,1.916
998,1.908
999,2.196
1000,2.124
1001,2.08
1002,2.044
1003,1.952
1004,1.942
1005,1.932
1006,1.899
1007,2.046
1008,1.911
1009,2
1010,2.004
1011,2.239
1012,2.543
1013,2.548
1014,2.738
1015,2.592
1016,2.664
1017,2.368
1018,2.361
1019,2.514
1020,2.454
1021,2.402
1022,2.44
1023,2.362
1024,2.543
1025,2.539
1026,2.69
1027,2.578
1028,2.547
1029,2.538
1030,2.498
1031,2.5
1032,2.444
1033,2.55
1034,2.607
1035,2.628
1036,2.601
1037,2.637
1038,2.84
1039,2.788
1040,2.795
1041,2.793
1042,3.027
1043,3.027
1044,3.26
1045,3.293
1046,3.281
1047,3.182
1048,3.19
1049,3.263
1050,3.258
1051,3.188
1052,3.055
1053,3.134
1054,3.277
1055,3.146
1056,2.991
1057,2.985
1058,2.962
1059,2.821
1060,2.841
1061,2.98
1062,2.862
1063,3.072
1064,3.122
1065,3.03
1066,3.167
1067,3.062
1068,3.028
1069,3.019
1070,3.042
1071,3.071
1072,3.265
1073,3.175
1074,3.349
1075,3.283
1076,3.29
1077,2.974
1078,3.079
1079,3.09
1080,3.061
1081,3.168
1082,3.193
1083,3.216
1084,3.432
1085,3.559
1086,3.39
1087,3.57
1088,3.489
1089,3.412
1090,3.431
1091,3.388
1092,3.513
1093,3.35
1094,3.264
1095,3.25
1096,3.241
1097,3.29
1098,3.261
1099,3.275
1100,3.202
1101,2.999
1102,3.083
1103,2.955
1104,2.639
1105,2.79
1106,2.807
1107,2.922
1108,2.974
1109,2.719
1110,2.805
1111,2.765
1112,2.745
1113,2.68
1114,2.616
1115,2.673
1116,2.582
1117,2.648
1118,2.707
1119,2.749
1120,2.745
1121,2.787
1122,2.941
1123,2.859
1124,2.776
1125,2.771
1126,2.818
1127,2.809
1128,2.735
1129,2.746
1130,2.73
1131,2.645
1132,2.659
1133,2.631
1134,2.962
1135,2.874
1136,3.053
1137,2.929
1138,3.143
1139,2.888
1140,2.93
1141,2.84
1142,2.938
1143,2.897
1144,3.027
1145,2.905
1146,2.756
1147,2.772
1148,2.609
1149,2.467
1150,2.474
1151,2.582
1152,2.328
1153,2.164
1154,1.971
1155,2.222
1156,1.916
1157,2.139
1158,2.317
1159,2.286
1160,2.276
1161,2.194
1162,2.087
1163,2.153
1164,2.127
1165,2.197
1166,2.216
1167,2.242
1168,2.15
1169,2.009
1170,2.037
1171,1.834
1172,1.963
1173,2
1174,2.05
1175,1.925
1176,1.998
1177,1.994
1178,2.01
1179,1.994
1180,2.047
1181,1.962
1182,1.743
1183,1.715
1184,1.745
1185,1.655
1186,1.738
1187,1.767
1188,1.807
1189,1.793
1190,1.864
1191,1.948
1192,1.863
1193,2.001
1194,2.13
1195,2.162
1196,2.173
1197,2.429
1198,2.251
1199,2.507
1200,2.442
1201,2.426
1202,2.364
1203,2.332
1204,2.319
1205,2.278
1206,2.239
1207,2.287
1208,2.193
1209,2.21
1210,2.082
1211,2.083
1212,2.009
1213,2.012
1214,2.025
1215,2.037
1216,2.071
1217,2.054
1218,2.114
1219,2.111
1220,2.043
1221,1.956
1222,2.019
1223,2.048
1224,2.097
1225,2.113
1226,2.121
1227,2.068
1228,2.144
1229,2.245
1230,2.145
1231,2.074
1232,2.118
1233,2.309
1234,2.375
1235,2.395
1236,2.397
1237,2.336
1238,2.374
1239,2.334
1240,2.385
1241,2.406
1242,2.24
1243,2.29
1244,2.263
1245,2.314
1246,2.278
1247,2.215
1248,2.176
1249,2.128
1250,2.146
1251,2.15
1252,2.148
1253,2.174
1254,2.145
1255,2.165
1256,2.105
1257,2.071
1258,2.032
1259,2.059
1260,2.096
1261,2.149
1262,2.21
1263,2.199
1264,2.363
1265,2.381
1266,2.294
1267,2.287
1268,2.239
1269,2.173
1270,2.167
1271,2.108
1272,2.19
1273,2.095
1274,2.152
1275,2.205
1276,2.34
1277,2.224
1278,2.155
1279,2.214
1280,2.216
1281,2.51
1282,2.488
1283,2.594
1284,2.413
1285,2.399
1286,2.327
1287,2.379
1288,2.397
1289,2.423
1290,2.432
1291,2.448
1292,2.497
1293,2.714
1294,2.59
1295,2.608
1296,2.615
1297,2.749
1298,2.737
1299,2.675
1300,2.719
1301,2.746
1302,2.898
1303,2.85
1304,2.825
1305,2.871
1306,2.817
1307,2.705
1308,2.644
1309,2.648
1310,2.581
1311,2.601
1312,2.663
1313,2.593
1314,2.576
1315,2.625
1316,2.635
1317,2.643
1318,2.486
1319,2.352
1320,2.41
1321,2.301
1322,2.316
1323,2.534
1324,2.995
1325,2.881
1326,2.868
1327,2.951
1328,2.844
1329,2.873
1330,2.676
1331,2.516
1332,2.466
1333,2.475
1334,2.487
1335,2.628
1336,2.434
1337,2.386
1338,2.463
1339,2.484
1340,2.544
1341,2.563
1342,2.548
1343,2.621
1344,2.803
1345,2.741
1346,2.686
1347,2.716
1348,3.028
1349,3.123
1350,3.216
1351,3.107
1352,3.117
1353,3.136
1354,3.022
1355,3.022
1356,3.44
1357,3.415
1358,3.34
1359,3.279
1360,3.268
1361,3.52
1362,3.375
1363,3.337
1364,3.35
1365,3.16
1366,3.219
1367,3.285
1368,3.146
1369,3.131
1370,3.12
1371,3.19
1372,3.065
1373,3.134
1374,3.134
1375,3.11
1376,3.097
1377,3.183
1378,3.383
1379,3.319
1380,3.242
1381,3.275
1382,3.326
1383,3.487
1384,3.365
1385,3.346
1386,3.348
1387,3.317
1388,3.282
1389,3.141
1390,3.081
1391,2.922
1392,2.995
1393,3.025
1394,3.059
1395,3.061
1396,3.038
1397,3.105
1398,3.015
1399,2.962
1400,3.151
1401,3.209
1402,3.391
1403,3.317
1404,3.272
1405,3.288
1406,3.269
1407,3.105
1408,3.19
1409,3.182
1410,3.235
1411,3.274
1412,2.934
1413,2.895
1414,2.911
1415,2.896
1416,2.958
1417,3.03
1418,2.961
1419,3.052
1420,3
1421,3.074
1422,3.051
1423,3.051
1424,3.079
1425,3.029
1426,3.024
1427,2.979
1428,3.034
1429,3.004
1430,3.013
1431,3.004
1432,2.919
1433,2.961
1434,2.939
1435,2.93
1436,3.067
1437,3.194
1438,3.126
1439,3.111
1440,3.045
1441,3.067
1442,3.07
1443,2.967
1444,3.034
1445,3.032
1446,3.092
1447,3.018
1448,3.036
1449,3.069
1450,3.097
1451,3.12
1452,3.235
1453,3.21
1454,3.163
1455,3.038
1456,3.039
1457,3.156
1458,3.187
1459,3.365
1460,3.437
1461,3.873
1462,4.077
1463,4.029
1464,4.469
1465,4.112
1466,4.083
1467,4.282
1468,3.935
1469,3.913
1470,4.128
1471,4.138
1472,3.912
1473,3.817
1474,3.874
1475,3.784
1476,3.081
1477,3.218
1478,2.847
1479,3.117
1480,3.165
1481,3.22
1482,3.367
1483,3.428
1484,3.166
1485,2.843
1486,2.97
1487,2.822
1488,2.7
1489,2.736
1490,2.943
1491,2.973
1492,3.089
1493,3.026
1494,3.003
1495,2.952
1496,2.868
1497,3.144
1498,3.013
1499,2.889
1500,2.842
1501,2.93
1502,3.141
1503,3.203
1504,3.02
1505,2.755
1506,2.564
1507,2.37
1508,2.583
1509,2.561
1510,2.643
1511,2.641
1512,2.558
1513,2.527
1514,2.393
1515,2.475
1516,2.462
1517,2.374
1518,2.367
1519,2.377
1520,2.499
1521,2.542
1522,2.375
1523,2.384
1524,2.536
1525,2.583
1526,2.67
1527,2.732
1528,2.774
1529,2.777
1530,2.791
1531,2.93
1532,2.995
1533,3.022
1534,3.123
1535,3.127
1536,3.015
1537,2.923
1538,2.956
1539,2.951
1540,3.088
1541,3.036
1542,2.968
1543,3.128
1544,3.171
1545,3.071
1546,2.977
1547,3.02
1548,3.025
1549,3.136
1550,3.185
1551,3.191
1552,3.347
1553,3.338
1554,3.359
1555,3.273
1556,3.277
1557,3.223
1558,3.439
1559,3.408
1560,3.184
1561,3.196
1562,3.293
1563,3.259
1564,3.27
1565,3.276
1566,3.316
1567,3.318
1568,3.336
1569,3.233
1570,3.29
1571,3.245
1572,3.032
1573,3.068
1574,3.116
1575,2.907
1576,2.975
1577,2.826
1578,2.913
1579,3.052
1580,3.008
1581,3.031
1582,3.081
1583,3.095
1584,3.279
1585,3.197
1586,3.352
1587,3.357
1588,3.242
1589,3.24
1590,3.152
1591,3.209
1592,3.598
1593,3.65
1594,3.704
1595,3.653
1596,3.879
1597,3.795
1598,3.677
1599,3.496
1600,3.586
1601,3.568
1602,3.387
1603,3.424
1604,3.36
1605,3.385
1606,3.354
1607,3.448
1608,3.49
1609,3.585
1610,3.437
1611,3.417
1612,3.067
1613,3.09
1614,3.023
1615,3.192
1616,3.098
1617,3.221
1618,3.276
1619,3.31
1620,3.494
1621,3.593
1622,3.447
1623,3.51
1624,3.483
1625,3.311
1626,3.965
1627,3.796
1628,3.69
1629,3.551
1630,3.244
1631,3.367
1632,3.365
1633,3.443
1634,3.551
1635,3.743
1636,3.565
1637,3.681
1638,3.79
1639,3.588
1640,3.532
1641,3.474
1642,3.31
1643,3.216
1644,3.329
1645,3.446
1646,3.411
1647,3.25
1648,3.091
1649,3.272
1650,2.896
1651,3.116
1652,3.203
1653,3.04
1654,3.156
1655,3.088
1656,3.166
1657,3.442
1658,3.463
1659,3.23
1660,3.425
1661,3.492
1662,3.252
1663,3.162
1664,2.725
1665,2.255
1666,2.127
1667,1.952
1668,2.001
1669,2.215
1670,2.242
1671,2.268
1672,2.167
1673,2.203
1674,2.188
1675,2.076
1676,2.087
1677,1.804
1678,1.741
1679,1.844
1680,1.71
1681,1.645
1682,1.936
1683,1.881
1684,1.629
1685,1.629
1686,1.683
1687,1.551
1688,1.411
1689,1.234
1690,1.222
1691,1.319
1692,1.33
1693,1.485
1694,1.508
1695,1.527
1696,1.63
1697,1.628
1698,1.544
1699,1.625
1700,1.407
1701,1.547
1702,1.472
1703,1.611
1704,1.809
1705,1.835
1706,1.77
1707,1.686
1708,1.759
1709,1.893
1710,1.694
1711,1.742
1712,1.805
1713,1.822
1714,1.765
1715,1.756
1716,1.768
1717,1.627
1718,1.527
1719,1.643
1720,1.603
1721,1.59
1722,1.67
1723,1.611
1724,1.584
1725,1.515
1726,1.526
1727,1.74
1728,1.705
1729,1.787
1730,1.753
1731,1.686
1732,1.744
1733,1.679
1734,1.613
1735,1.749
1736,1.774
1737,1.819
1738,1.825
1739,1.956
1740,1.875
1741,1.864
1742,1.877
1743,1.841
1744,1.918
1745,2.049
1746,2.123
1747,2.286
1748,2.449
1749,2.467
1750,2.345
1751,2.333
1752,2.424
1753,2.606
1754,2.462
1755,2.455
1756,2.396
1757,2.502
1758,2.397
1759,2.199
1760,2.286
1761,2.594
1762,2.64
1763,2.681
1764,2.823
1765,2.733
1766,2.533
1767,2.627
1768,2.503
1769,2.529
1770,2.524
1771,2.54
1772,2.465
1773,2.532
1774,2.409
1775,2.458
1776,2.525
1777,2.515
1778,2.456
1779,2.433
1780,2.319
1781,2.151
1782,2.107
1783,2.16
1784,2.2
1785,2.029
1786,2.149
1787,2.314
1788,2.238
1789,2.304
1790,2.312
1791,2.42
1792,2.478
1793,2.525
1794,2.485
1795,2.443
1796,2.409
1797,2.329
1798,2.257
1799,2.264
1800,2.29
1801,2.248
1802,2.247
1803,2.133
1804,2.17
1805,2.162
1806,2.055
1807,2.087
1808,2.167
1809,2.172
1810,2.109
1811,2.085
1812,2.075
1813,2.087
1814,2.098
1815,2.106
1816,2.163
1817,2.205
1818,2.17
1819,2.204
1820,2.184
1821,2.275
1822,2.203
1823,2.271
1824,2.265
1825,2.321
1826,2.258
1827,2.223
1828,2.226
1829,2.237
1830,2.211
1831,2.218
1832,2.128
1833,2.119
1834,2.134
1835,2.074
1836,2.122
1837,2.156
1838,2.113
1839,2.132
1840,2.038
1841,2.096
1842,2.085
1843,2.08
1844,2.117
1845,1.986
1846,1.849
1847,1.925
1848,1.885
1849,1.955
1850,1.927
1851,1.941
1852,1.91
1853,1.853
1854,1.869
1855,1.884
1856,1.75
1857,1.817
1858,1.913
1859,1.92
1860,1.806
1861,1.709
1862,1.618
1863,1.629
1864,1.598
1865,1.446
1866,1.568
1867,1.519
1868,1.333
1869,1.378
1870,1.39
1871,1.403
1872,1.513
1873,1.551
1874,1.519
1875,1.494
1876,1.454
1877,1.506
1878,1.48
1879,1.517
1880,1.565
1881,1.531
1882,1.687
1883,1.683
1884,1.683
1885,1.671
1886,1.572
1887,1.493
1888,1.491
1889,1.44
1890,1.479
1891,1.388
1892,1.459
1893,1.449
1894,1.462
1895,1.49
1896,1.539
1897,1.507
1898,1.479
1899,1.491
1900,1.467
1901,1.587
1902,1.576
1903,1.628
1904,1.562
1905,1.66
1906,1.63
1907,1.617
1908,1.673
1909,1.714
1910,1.805
1911,1.827
1912,1.799
1913,1.793
1914,1.725
1915,1.753
1916,1.709
1917,1.689
1918,1.831
1919,1.816
1920,1.764
1921,1.68
1922,1.718
1923,1.697
1924,1.685
1925,1.687
1926,1.613
1927,1.614
1928,1.593
1929,1.636
1930,1.607
1931,1.66
1932,1.645
1933,1.729
1934,1.732
1935,1.746
1936,1.775
1937,1.757
1938,1.722
1939,1.837
1940,1.829
1941,1.876
1942,1.889
1943,1.839
1944,1.777
1945,1.788
1946,1.707
1947,1.735
1948,1.812
1949,1.797
1950,1.928
1951,1.991
1952,1.964
1953,1.966
1954,1.941
1955,1.966
1956,1.982
1957,2.039
1958,2.03
1959,2.026
1960,2.043
1961,1.939
1962,1.913
1963,1.797
1964,1.822
1965,1.812
1966,1.817
1967,1.754
1968,1.754
1969,1.738
1970,1.694
1971,1.784
1972,1.751
1973,1.767
1974,1.748
1975,1.747
1976,1.717
1977,1.718
1978,1.683
1979,1.749
1980,1.73
1981,1.738
1982,1.769
1983,1.762
1984,1.744
1985,1.76
1986,1.783
1987,1.77
1988,1.724
1989,1.69
1990,1.651
1991,1.679
1992,1.68
1993,1.668
1994,1.64
1995,1.625
1996,1.59
1997,1.604
1998,1.528
1999,1.54
2000,1.556
2001,1.601
2002,1.578
2003,1.598
2004,1.594
2005,1.561
2006,1.539
2007,1.508
2008,1.502
2009,1.505
2010,1.528
2011,1.492
2012,1.411
2013,1.52
2014,1.47
2015,1.417
2016,1.417
2017,1.423
2018,1.413
2019,1.42
2020,1.454
2021,1.426
2022,1.478
2023,1.462
2024,1.487
2025,1.418
2026,1.408
2027,1.412
2028,1.392
2029,1.387
2030,1.364
2031,1.353
2032,1.353
2033,1.341
2034,1.254
2035,1.273
2036,1.257
2037,1.304
2038,1.297
2039,1.28
2040,1.282
2041,1.349
2042,1.411
2043,1.43
2044,1.402
2045,1.448
2046,1.428
2047,1.455
2048,1.447
2049,1.508
2050,1.524
2051,1.543
2052,1.54
2053,1.584
2054,1.536
2055,1.513
2056,1.526
2057,1.604
2058,1.598
2059,1.565
2060,1.566
2061,1.553
2062,1.524
2063,1.545
2064,1.524
2065,1.541
2066,1.502
2067,1.481
2068,1.491
2069,1.525
2070,1.625
2071,1.656
2072,1.69
2073,1.648
2074,1.643
2075,1.531
2076,1.501
2077,1.524
2078,1.569
2079,1.546
2080,1.514
2081,1.569
2082,1.555
2083,1.569
2084,1.574
2085,1.543
2086,1.532
2087,1.544
2088,1.519
2089,1.532
2090,1.53
2091,1.61
2092,1.581
2093,1.623
2094,1.647
2095,1.61
2096,1.568
2097,1.588
2098,1.609
2099,1.699
2100,1.741
2101,1.713
2102,1.702
2103,1.688
2104,1.674
2105,1.71
2106,1.771
2107,1.724
2108,1.721
2109,1.717
2110,1.731
2111,1.658
2112,1.646
2113,1.675
2114,1.646
2115,1.651
2116,1.636
2117,1.624
2118,1.575
2119,1.579
2120,1.573
2121,1.576
2122,1.56
2123,1.569
2124,1.561
2125,1.543
2126,1.578
2127,1.622
2128,1.614
2129,1.625
2130,1.633
2131,1.646
2132,1.661
2133,1.743
2134,1.77
2135,1.771
2136,1.718
2137,1.73
2138,1.706
2139,1.769
2140,1.917
2141,1.924
2142,1.931
2143,1.914
2144,1.948
2145,1.879
2146,1.86
2147,1.914
2148,1.876
2149,1.886
2150,1.835
2151,1.792
2152,1.745
2153,1.756
2154,1.75
2155,1.778
2156,1.866
2157,1.899
2158,1.871
2159,1.873
2160,1.86
2161,1.905
2162,1.898
2163,1.874
2164,1.907
2165,2.065
2166,2.063
2167,2.079
2168,2.129
2169,2.145
2170,2.156
2171,2.038
2172,2.116
2173,2.05
2174,2.002
2175,1.949
2176,2.005
2177,2.03
2178,2.086
2179,2.145
2180,2.153
2181,2.235
2182,2.302
2183,2.362
2184,2.275
2185,2.301
2186,2.202
2187,2.248
2188,2.231
2189,2.261
2190,2.225
2191,2.138
2192,2.126
2193,2.132
2194,2.172
2195,2.221
2196,2.206
2197,2.251
2198,2.26
2199,2.191
2200,2.185
2201,2.121
2202,2.153
2203,2.105
2204,2.201
2205,2.107
2206,2.055
2207,1.921
2208,1.931
2209,1.93
2210,1.892
2211,1.997
2212,1.906
2213,1.914
2214,1.879
2215,1.925
2216,1.979
2217,2.074
2218,2.122
2219,2.151
2220,2.223
2221,2.172
2222,2.187
2223,2.223
2224,2.32
2225,2.268
2226,2.172
2227,2.213
2228,2.208
2229,2.196
2230,2.225
2231,2.221
2232,2.211
2233,2.29
2234,2.348
2235,2.235
2236,2.289
2237,2.442
2238,2.511
2239,2.413
2240,2.393
2241,2.348
2242,2.325
2243,2.366
2244,2.346
2245,2.314
2246,2.297
2247,2.174
2248,2.165
2249,2.096
2250,2.16
2251,2.175
2252,2.145
2253,2.234
2254,2.187
2255,2.197
2256,2.122
2257,2.083
2258,2.068
2259,2.059
2260,2.053
2261,2.049
2262,2.017
2263,2.079
2264,2.117
2265,2.163
2266,2.155
2267,2.182
2268,2.159
2269,2.136
2270,2.12
2271,2.13
2272,2.101
2273,2.096
2274,2.06
2275,2.098
2276,2.123
2277,2.123
2278,2.141
2279,2.103
2280,2.054
2281,2.064
2282,2.061
2283,2.16
2284,2.226
2285,2.097
2286,2.085
2287,2.142
2288,2.25
2289,2.316
2290,2.239
2291,2.234
2292,2.232
2293,2.197
2294,2.248
2295,2.233
2296,2.248
2297,2.308
2298,2.276
2299,2.25
2300,2.261
2301,2.223
2302,2.229
2303,2.205
2304,2.238
2305,2.217
2306,2.235
2307,2.219
2308,2.226
2309,2.207
2310,2.231
2311,2.261
2312,2.242
2313,2.308
2314,2.242
2315,2.271
2316,2.327
2317,2.439
2318,2.445
2319,2.417
2320,2.486
2321,2.481
2322,2.635
2323,2.61
2324,2.509
2325,2.464
2326,2.476
2327,2.488
2328,2.45
2329,2.415
2330,2.282
2331,1.995
2332,1.96
2333,1.993
2334,1.985
2335,1.837
2336,1.937
2337,1.963
2338,1.969
2339,1.99
2340,1.994
2341,2.047
2342,2.088
2343,2.119
2344,2.172
2345,2.384
2346,2.401
2347,2.271
2348,2.272
2349,2.177
2350,2.143
2351,2.144
2352,2.152
2353,2.179
2354,2.231
2355,2.255
2356,2.28
2357,2.27
2358,2.278
2359,2.322
2360,2.367
2361,2.317
2362,2.353
2363,2.421
2364,2.287
2365,2.161
2366,2.163
2367,2.132
2368,2.159
2369,2.359
2370,2.425
2371,2.4
2372,2.551
2373,2.631
2374,2.721
2375,2.798
2376,2.97
2377,2.87
2378,2.881
2379,3.137
2380,3.143
2381,3.013
2382,3.381
2383,3.227
2384,3.267
2385,3.326
2386,3.065
2387,3.108
2388,3.062
2389,2.994
2390,2.87
2391,3.004
2392,3.106
2393,2.807
2394,2.826
2395,2.9
2396,2.853
2397,2.87
2398,2.812
2399,2.885
2400,2.791
2401,2.823
2402,2.708
2403,2.754
2404,2.898
2405,3.044
2406,2.729
2407,2.572
2408,2.49
2409,2.536
2410,2.443
2411,2.409
2412,2.393
2413,2.465
2414,2.59
2415,2.497
2416,2.358
2417,2.199
2418,2.319
2419,2.41
2420,2.328
2421,2.458
2422,2.448
2423,2.449
2424,2.512
2425,2.519
2426,2.375
2427,2.489
2428,2.708
2429,2.787
2430,2.635
2431,2.679
2432,2.376
2433,2.381
2434,2.395
2435,2.428
2436,2.41
2437,2.337
2438,2.35
2439,2.352
2440,2.331
2441,2.308
2442,2.23
2443,2.1
2444,2.4
2445,2.467
2446,2.453
2447,2.543
2448,2.647
2449,2.602
2450,2.713
2451,2.563
2452,2.437
2453,2.369
2454,2.386
2455,2.322
2456,2.391
2457,2.284
2458,2.265
2459,2.225
2460,2.342
2461,2.362
2462,2.369
2463,2.285
2464,2.231
2465,2.289
2466,2.389
2467,2.292
2468,2.329
2469,2.299
2470,2.301
2471,2.336
2472,2.298
2473,2.352
2474,2.474
2475,2.482
2476,2.535
2477,2.532
2478,2.471
2479,2.49
2480,2.606
2481,2.613
2482,2.634
2483,2.534
2484,2.575
2485,2.584
2486,2.711
2487,2.917
2488,2.904
2489,2.817
2490,2.703
2491,2.845
2492,2.72
2493,2.735
2494,2.781
2495,2.883
2496,2.944
2497,2.907
2498,2.874
2499,2.783
2500,2.824
2501,2.936
2502,2.779
2503,2.728
2504,2.683
2505,2.836
2506,2.794
2507,2.739
2508,2.681
2509,2.755
2510,2.751
2511,2.826
2512,2.885
2513,2.815
2514,2.78
2515,2.84
2516,2.811
2517,2.825
2518,2.891
2519,2.959
2520,3.017
2521,3.068
2522,3.03
2523,2.95
2524,2.894
2525,2.908
2526,2.865
2527,2.849
2528,2.819
2529,2.832
2530,2.765
2531,2.697
2532,2.755
2533,2.782
2534,2.713
2535,2.75
2536,2.664
2537,2.696
2538,2.598
2539,2.606
2540,2.585
2541,2.656
2542,2.616
2543,2.688
2544,2.714
2545,2.652
2546,2.789
2547,2.943
2548,2.91
2549,2.96
2550,3.083
2551,3.089
2552,3.026
2553,2.958
2554,2.929
2555,2.89
2556,2.906
2557,2.889
2558,2.852
2559,2.833
2560,2.944
2561,2.899
2562,2.937
2563,3.017
2564,3.027
2565,2.978
2566,2.902
2567,2.911
2568,2.887
2569,2.886
2570,2.864
2571,2.841
2572,2.811
2573,2.869
2574,2.813
2575,2.814
2576,2.768
2577,2.774
2578,2.777
2579,2.795
2580,2.839
2581,2.794
2582,2.808
2583,2.773
2584,2.713
2585,2.792
2586,2.901
2587,2.876
2588,2.832
2589,2.896
2590,2.934
2591,2.937
2592,3.011
2593,3.017
2594,2.957
2595,2.875
2596,2.864
2597,2.857
2598,2.941
2599,2.941
2600,3.112
2601,3.067
2602,3.194
2603,3.338
2604,3.316
2605,3.236
2606,3.302
2607,3.494
2608,3.473
2609,3.692
2610,3.781
2611,3.738
2612,3.617
2613,3.535
2614,3.499
2615,3.502
2616,3.97
2617,4.164
2618,4.249
2619,4.092
2620,4.212
2621,4.795
2622,4.943
2623,5.061
2624,4.735
2625,5.086
2626,4.827
2627,4.638
2628,4.64
2629,4.345
2630,4.266
2631,4.212
2632,4.654
2633,4.444
2634,5.184
2635,4.913
2636,4.916
2637,5.054
2638,4.752
2639,4.756
2640,4.767
2641,4.735
2642,4.673
2643,4.754
2644,4.844
2645,4.673
2646,4.648
2647,4.707
2648,5.186
2649,5.028
2650,4.833
2651,4.736
2652,4.616
2653,4.621
2654,4.419
2655,4.456
2656,4.328
2657,4.422
2658,4.263
2659,4.395
2660,4.453
2661,4.485
2662,4.4
2663,4.509
2664,4.403
2665,4.306
2666,4.308
2667,4.409
2668,4.367
2669,4.287
2670,4.286
2671,4.514
2672,4.404
2673,4.197
2674,4.353
2675,4.394
2676,4.484
2677,4.263
2678,4.219
2679,4.106
2680,4.145
2681,4.159
2682,4.181
2683,4.196
2684,4.08
2685,4.099
2686,4.102
2687,4.074
2688,4.107
2689,4.135
2690,3.982
2691,3.989
2692,4.032
2693,4.109
2694,4.159
2695,4.207
2696,4.301
2697,4.302
2698,4.686
2699,4.497
2700,4.404
2701,4.427
2702,4.495
2703,4.495
2704,4.536
2705,4.635
2706,4.472
2707,4.555
2708,4.828
2709,4.809
2710,4.601
2711,4.526
2712,4.414
2713,4.42
2714,4.449
2715,4.559
2716,4.169
2717,4.083
2718,4.25
2719,4.395
2720,4.219
2721,4.191
2722,4.198
2723,4.166
2724,4.241
2725,4.122
2726,3.963
2727,4.013
2728,4.039
2729,4.03
2730,4.167
2731,4.161
2732,4.242
2733,4.269
2734,4.203
2735,4.224
2736,4.244
2737,4.156
2738,4.167
2739,4.095
2740,4.068
2741,4.13
2742,4.117
2743,4.13
2744,4.126
2745,4.039
2746,4.031
2747,3.937
2748,3.64
2749,3.694
2750,3.562
2751,3.578
2752,3.611
2753,3.706
2754,3.79
2755,3.899
2756,3.959
2757,3.797
2758,3.925
2759,4.03
2760,4.112
2761,4.008
2762,3.998
2763,3.771
2764,3.908
2765,4.122
2766,3.922
2767,3.95
2768,4.056
2769,4.06
2770,4.017
2771,3.971
2772,3.991
2773,3.981
2774,4.103
2775,3.861
2776,3.928
2777,3.938
2778,3.862
2779,3.898
2780,3.778
2781,3.875
2782,3.828
2783,3.797
2784,3.994
2785,4.127
2786,4.376
2787,4.501
2788,4.122
2789,4.262
2790,4.426
2791,4.409
2792,4.74
2793,4.675
2794,4.926
2795,5.06
2796,4.933
2797,4.722
2798,4.779
2799,4.979
2800,5.393
2801,5.849
2802,6.032
2803,6.159
2804,5.624
2805,5.872
2806,6.173
2807,5.931
2808,5.659
2809,5.38
2810,4.736
2811,5.041
2812,5.2
2813,4.926
2814,5.147
2815,5.036
2816,5.09
2817,4.956
2818,4.85
2819,4.836
2820,4.521
2821,4.607
2822,4.645
2823,4.506
2824,4.579
2825,4.878
2826,4.796
2827,4.854
2828,4.684
2829,4.702
2830,4.775
2831,4.691
2832,4.749
2833,4.6
2834,4.733
2835,4.782
2836,4.731
2837,5.017
2838,5.125
2839,5.387
2840,5.244
2841,5.335
2842,4.961
2843,4.993
2844,4.758
2845,4.886
2846,4.855
2847,4.772
2848,4.743
2849,4.74
2850,4.579
2851,4.657
2852,4.688
2853,4.455
2854,4.25
2855,4.365
2856,4.049
2857,3.481
2858,3.379
2859,3.728
2860,3.784
2861,3.746
2862,3.867
2863,3.852
2864,3.827
2865,3.513
2866,3.493
2867,3.626
2868,3.712
2869,3.449
2870,3.393
2871,3.482
2872,3.552
2873,3.709
2874,3.769
2875,3.834
2876,3.88
2877,3.883
2878,4.053
2879,4.157
2880,4.022
2881,3.988
2882,3.837
2883,4.023
2884,4.028
2885,4.18
2886,3.985
2887,4.055
2888,3.917
2889,3.834
2890,3.629
2891,3.658
2892,3.69
2893,3.571
2894,3.684
2895,3.546
2896,3.465
2897,3.344
2898,3.506
2899,3.459
2900,3.624
2901,3.67
2902,3.621
2903,3.748
2904,3.683
2905,3.692
2906,3.637
2907,3.656
2908,3.787
2909,3.835
2910,3.891
2911,3.745
2912,3.728
2913,3.423
2914,3.34
2915,3.327
2916,3.346
2917,3.365
2918,3.415
2919,3.325
2920,3.289
2921,3.427
2922,3.374
2923,3.442
2924,3.453
2925,3.274
2926,3.494
2927,3.702
2928,3.815
2929,3.799
2930,3.879
2931,4.069
2932,3.861
2933,3.826
2934,3.98
2935,3.721
2936,4.1
2937,4.322
2938,4.212
2939,4.278
2940,4.27
2941,4.31
2942,4.188
2943,4.474
2944,4.41
2945,4.516
2946,4.479
2947,4.402
2948,4.29
2949,4.304
2950,4.135
2951,4.167
2952,4.164
2953,4.033
2954,3.984
2955,3.848
2956,4.125
2957,4.119
2958,4.203
2959,4.263
2960,4.308
2961,4.281
2962,4.44
2963,4.621
2964,4.932
2965,5.023
2966,4.945
2967,5.183
2968,5.133
2969,5.054
2970,5.155
2971,5.021
2972,4.961
2973,5.133
2974,5.306
2975,5.193
2976,5.099
2977,5.181
2978,5.178
2979,5.55
2980,5.228
2981,5.19
2982,5.269
2983,5.315
2984,5.235
2985,5.349
2986,5.416
2987,5.834
2988,5.995
2989,5.907
2990,5.743
2991,5.695
2992,5.736
2993,5.736
2994,5.719
2995,5.693
2996,5.561
2997,5.606
2998,5.441
2999,5.277
3000,5.04
3001,5.117
3002,5.124
3003,4.952
3004,4.802
3005,4.719
3006,5.066
3007,4.913
3008,4.861
3009,5.168
3010,4.87
3011,4.852
3012,4.815
3013,5.021
3014,5.118
3015,5.164
3016,5.213
3017,5.115
3018,5.358
3019,5.377
3020,5.58
3021,5.567
3022,5.151
3023,5.316
3024,5.581
3025,5.75
3026,5.925
3027,5.853
3028,6.13
3029,6.203
3030,6.355
3031,6.363
3032,6.145
3033,6.045
3034,5.98
3035,6.04
3036,5.791
3037,5.854
3038,6.403
3039,6.459
3040,6.298
3041,6.518
3042,6.478
3043,6.553
3044,6.393
3045,6.39
3046,6.159
3047,6.078
3048,6.29
3049,6.375
3050,6.164
3051,6.033
3052,5.59
3053,5.401
3054,5.213
3055,5.323
3056,5.226
3057,5.318
3058,5.459
3059,5.404
3060,4.881
3061,4.973
3062,5.058
3063,4.927
3064,5.039
3065,5.004
3066,5.168
3067,5.103
3068,5.102
3069,4.813
3070,4.479
3071,4.603
3072,4.651
3073,4.615
3074,4.645
3075,4.579
3076,4.846
3077,4.499
3078,4.468
3079,4.562
3080,4.431
3081,4.189
3082,4.193
3083,4.317
3084,4.44
3085,4.473
3086,4.407
3087,4.327
3088,4.632
3089,4.61
3090,4.699
3091,4.75
3092,4.753
3093,4.839
3094,4.906
3095,4.902
3096,4.807
3097,4.842
3098,4.872
3099,4.904
3100,5.126
3101,5.025
3102,4.911
3103,4.853
3104,4.699
3105,5.054
3106,5.044
3107,5.342
3108,5.307
3109,5.353
3110,5.4
3111,5.343
3112,5.438
3113,5.277
3114,5.188
3115,5.191
3116,5.162
3117,5.108
3118,5.083
3119,5.142
3120,4.869
3121,4.819
3122,4.837
3123,4.943
3124,4.784
3125,4.78
3126,4.696
3127,4.695
3128,4.646
3129,4.511
3130,4.508
3131,4.553
3132,4.325
3133,4.247
3134,4.35
3135,4.347
3136,4.341
3137,4.188
3138,4.277
3139,4.319
3140,4.325
3141,4.52
3142,4.494
3143,3.964
3144,3.786
3145,3.908
3146,3.776
3147,3.714
3148,3.6
3149,3.305
3150,3.347
3151,2.91
3152,2.908
3153,2.833
3154,2.764
3155,2.884
3156,2.931
3157,3.015
3158,3.028
3159,2.923
3160,2.856
3161,3.018
3162,2.9
3163,2.722
3164,2.479
3165,2.575
3166,2.678
3167,2.817
3168,2.779
3169,2.756
3170,2.868
3171,2.939
3172,3.087
3173,3.016
3174,3.062
3175,3.002
3176,3.106
3177,3.111
3178,3.057
3179,2.87
3180,2.754
3181,2.771
3182,2.835
3183,2.855
3184,2.791
3185,2.783
3186,2.844
3187,2.803
3188,2.763
3189,2.846
3190,2.822
3191,2.918
3192,2.927
3193,3.002
3194,2.975
3195,2.964
3196,3.026
3197,2.991
3198,2.938
3199,3.125
3200,3.182
3201,3.11
3202,3.05
3203,3.182
3204,3.002
3205,2.997
3206,3.015
3207,3.106
3208,3.157
3209,3.273
3210,3.369
3211,3.374
3212,3.334
3213,3.34
3214,3.439
3215,3.46
3216,3.392
3217,3.359
3218,3.357
3219,3.196
3220,3.246
3221,3.106
3222,3.061
3223,3.108
3224,3.046
3225,3.082
3226,3.032
3227,3.116
3228,3.092
3229,3.168
3230,3.199
3231,3.325
3232,3.376
3233,3.43
3234,3.464
3235,3.466
3236,3.542
3237,3.54
3238,3.45
3239,3.418
3240,3.448
3241,3.478
3242,3.452
3243,3.37
3244,3.311
3245,3.376
3246,3.427
3247,3.501
3248,3.596
3249,3.604
3250,3.612
3251,3.555
3252,3.646
3253,3.605
3254,3.474
3255,3.382
3256,3.316
3257,3.42
3258,3.395
3259,3.419
3260,3.425
3261,3.475
3262,3.518
3263,3.496
3264,3.359
3265,3.401
3266,3.42
3267,3.352
3268,3.269
3269,3.19
3270,3.178
3271,3.215
3272,3.204
3273,3.21
3274,2.969
3275,2.886
3276,2.892
3277,2.888
3278,2.949
3279,2.967
3280,2.936
3281,2.874
3282,2.874
3283,2.889
3284,2.885
3285,2.882
3286,2.745
3287,2.745
3288,2.735
3289,2.774
3290,2.748
3291,2.811
3292,2.798
3293,2.904
3294,3.043
3295,3.072
3296,3.073
3297,3.071
3298,3.109
3299,3.181
3300,3.136
3301,3.171
3302,3.214
3303,3.1
3304,3.232
3305,3.167
3306,3.163
3307,3.228
3308,3.192
3309,3.089
3310,2.96
3311,2.908
3312,2.959
3313,2.963
3314,2.908
3315,2.834
3316,2.842
3317,2.805
3318,2.829
3319,2.85
3320,2.742
3321,2.777
3322,2.769
3323,2.799
3324,2.745
3325,2.633
3326,2.594
3327,2.579
3328,2.579
3329,2.549
3330,2.625
3331,2.673
3332,2.534
3333,2.603
3334,2.518
3335,2.337
3336,2.247
3337,2.28
3338,2.338
3339,2.381
3340,2.383
3341,2.395
3342,2.366
3343,2.44
3344,2.465
3345,2.441
3346,2.363
3347,2.285
3348,2.087
3349,1.975
3350,1.975
3351,2.068
3352,2.218
3353,2.239
3354,2.265
3355,2.247
3356,2.251
3357,2.34
3358,2.315
3359,2.36
3360,2.37
3361,2.394
3362,2.366
3363,2.384
3364,2.386
3365,2.394
3366,2.286
3367,2.313
3368,2.359
3369,2.35
3370,2.198
3371,2.188
3372,2.167
3373,2.185
3374,2.188
3375,2.331
3376,2.353
3377,2.443
3378,2.47
3379,2.476
3380,2.481
3381,2.486
3382,2.509
3383,2.545
3384,2.594
3385,2.563
3386,2.724
3387,2.698
3388,2.634
3389,2.645
3390,2.572
3391,2.572
3392,2.558
3393,2.487
3394,2.478
3395,2.505
3396,2.413
3397,2.433
3398,2.461
3399,2.385
3400,2.3
3401,2.253
3402,2.226
3403,2.245
3404,2.247
3405,2.239
3406,2.262
3407,2.247
3408,2.209
3409,2.195
3410,2.108
3411,2.126
3412,2.096
3413,2.061
3414,2.003
3415,2.007
3416,2.047
3417,2.106
3418,1.952
3419,1.977
3420,2.057
3421,2.041
3422,2.068
3423,2.043
3424,2.096
3425,2.035
3426,2.172
3427,2.182
3428,2.178
3429,2.19
3430,2.143
3431,2.157
3432,2.042
3433,2.01
3434,1.993
3435,2.009
3436,2.017
3437,2.041
3438,1.976
3439,2.03
3440,2.045
3441,2.022
3442,1.97
3443,1.97
3444,2.033
3445,2.003
3446,2.013
3447,2.012
3448,2.014
3449,1.976
3450,2.022
3451,1.994
3452,1.983
3453,1.993
3454,1.963
3455,1.919
3456,1.927
3457,1.976
3458,1.946
3459,1.956
3460,1.913
3461,1.952
3462,1.927
3463,1.895
3464,1.903
3465,1.916
3466,1.976
3467,1.952
3468,1.92
3469,1.965
3470,1.986
3471,2.001
3472,2.034
3473,2.091
3474,2.075
3475,2.048
3476,2.09
3477,2.127
3478,2.134
3479,2.126
3480,2.084
3481,2.124
3482,2.121
3483,2.175
3484,2.249
3485,2.244
3486,2.252
3487,2.229
3488,2.269
3489,2.313
3490,2.273
3491,2.287
3492,2.25
3493,2.255
3494,2.199
3495,2.166
3496,2.161
3497,2.148
3498,2.121
3499,2.159
3500,2.18
3501,2.234
3502,2.182
3503,2.195
3504,2.272
3505,2.278
3506,2.299
3507,2.272
3508,2.261
3509,2.267
3510,2.264
3511,2.266
3512,2.29
3513,2.375
3514,2.339
3515,2.383
3516,2.368
3517,2.412
3518,2.401
3519,2.411
3520,2.403
3521,2.382
3522,2.366
3523,2.361
3524,2.405
3525,2.363
3526,2.309
3527,2.284
3528,2.316
3529,2.358
3530,2.355
3531,2.371
3532,2.361
3533,2.411
3534,2.418
3535,2.456
3536,2.484
3537,2.465
3538,2.52
3539,2.616
3540,2.633
3541,2.648
3542,2.682
3543,2.686
3544,2.694
3545,2.581
3546,2.648
3547,2.703
3548,2.771
3549,2.735
3550,2.854
3551,2.808
3552,2.789
3553,2.846
3554,2.832
3555,2.823
3556,2.864
3557,2.816
3558,2.918
3559,2.917
3560,2.88
3561,2.758
3562,2.635
3563,2.637
3564,2.623
3565,2.681
3566,2.66
3567,2.798
3568,2.81
3569,2.801
3570,2.843
3571,2.857
3572,2.918
3573,2.864
3574,2.901
3575,2.896
3576,2.919
3577,2.988
3578,2.956
3579,2.97
3580,2.927
3581,2.95
3582,2.918
3583,2.884
3584,2.867
3585,2.78
3586,2.89
3587,2.917
3588,2.96
3589,2.935
3590,2.891
3591,2.87
3592,2.852
3593,2.807
3594,2.726
3595,2.734
3596,2.681
3597,2.622
3598,2.592
3599,2.497
3600,2.456
3601,2.521
3602,2.553
3603,2.488
3604,2.513
3605,2.537
3606,2.568
3607,2.525
3608,2.501
3609,2.501
3610,2.403
3611,2.341
3612,2.344
3613,2.365
3614,2.336
3615,2.356
3616,2.453
3617,2.475
3618,2.474
3619,2.447
3620,2.447
3621,2.456
3622,2.493
3623,2.404
3624,2.356
3625,2.361
3626,2.217
3627,2.171
3628,2.184
3629,2.167
3630,2.18
3631,2.227
3632,2.249
3633,2.243
3634,2.162
3635,2.221
3636,2.233
3637,2.227
3638,2.201
3639,2.285
3640,2.263
3641,2.298
3642,2.289
3643,2.296
3644,2.267
3645,2.222
3646,2.215
3647,2.227
3648,2.256
3649,2.254
3650,2.225
3651,2.216
3652,2.212
3653,2.226
3654,2.235
3655,2.231
3656,2.234
3657,2.2
3658,2.211
3659,2.236
3660,2.222
3661,2.239
3662,2.258
3663,2.301
3664,2.32
3665,2.194
3666,2.152
3667,2.074
3668,2.091
3669,2.104
3670,2.158
3671,2.186
3672,2.176
3673,2.186
3674,2.202
3675,2.306
3676,2.299
3677,2.311
3678,2.294
3679,2.327
3680,2.385
3681,2.313
3682,2.314
3683,2.329
3684,2.355
3685,2.384
3686,2.396
3687,2.36
3688,2.27
3689,2.195
3690,2.227
3691,2.254
3692,2.236
3693,2.282
3694,2.543
3695,2.482
3696,2.511
3697,2.518
3698,2.545
3699,2.717
3700,2.683
3701,2.666
3702,2.641
3703,2.674
3704,2.635
3705,2.649
3706,2.736
3707,2.701
3708,2.649
3709,2.504
3710,2.58
3711,2.589
3712,2.746
3713,2.741
3714,2.723
3715,2.732
3716,2.703
3717,2.521
3718,2.472
3719,2.367
3720,2.414
3721,2.534
3722,2.449
3723,2.444
3724,2.423
3725,2.49
3726,2.461
3727,2.497
3728,2.494
3729,2.428
3730,2.453
3731,2.397
3732,2.386
3733,2.407
3734,2.283
3735,2.286
3736,2.216
3737,2.231
3738,2.211
3739,2.229
3740,2.225
3741,2.187
3742,2.176
3743,1.994
3744,2.023
3745,2.031
3746,2
3747,2.066
3748,2.001
3749,2.067
3750,2.099
3751,2.088
3752,2.042
3753,2.078
3754,2.047
3755,2.1
3756,2.093
3757,2.101
3758,2.113
3759,2.172
3760,2.156
3761,2.156
3762,2.201
3763,2.315
3764,2.456
3765,2.402
3766,2.564
3767,2.596
3768,2.613
3769,2.603
3770,2.605
3771,2.397
3772,2.339
3773,2.46
3774,2.507
3775,2.386
3776,2.279
3777,2.246
3778,2.314
3779,2.293
3780,2.277
3781,2.303
3782,2.34
3783,2.337
3784,2.312
3785,2.228
3786,2.219
3787,2.3
3788,2.411
3789,2.347
3790,2.418
3791,2.347
3792,2.303
3793,2.221
3794,2.147
3795,2.092
3796,2.012
3797,1.911
3798,1.964
3799,2.044
3800,2.073
3801,2.041
3802,1.997
3803,1.976
3804,1.96
3805,1.814
3806,1.819
3807,1.678
3808,1.479
3809,1.508
3810,1.316
3811,1.27
3812,1.297
3813,1.314
3814,1.298
3815,1.307
3816,1.429
3817,1.455
3818,1.537
3819,1.448
3820,1.349
3821,1.317
3822,1.357
3823,1.375
3824,1.287
3825,1.261
3826,1.333
3827,1.417
3828,1.382
3829,1.392
3830,1.442
3831,1.407
3832,1.454
3833,1.509
3834,1.42
3835,1.331
3836,1.349
3837,1.358
3838,1.376
3839,1.365
3840,1.421
3841,1.414
3842,1.427
3843,1.348
3844,1.352
3845,1.392
3846,1.357
3847,1.369
3848,1.341
3849,1.221
3850,1.288
3851,1.229
3852,1.246
3853,1.245
3854,1.11
3855,1.181
3856,1.163
3857,1.081
3858,1.098
3859,1.105
3860,1.163
3861,1.103
3862,1.127
3863,1.129
3864,1.159
3865,1.168
3866,1.157
3867,1.183
3868,1.212
3869,1.211
3870,1.212
3871,1.223
3872,1.238
3873,1.228
3874,1.23
3875,1.274
3876,1.265
3877,1.373
3878,1.395
3879,1.395
3880,1.311
3881,1.301
3882,1.298
3883,1.295
3884,1.24
3885,1.228
3886,1.222
3887,1.256
3888,1.281
3889,1.231
3890,1.208
3891,1.233
3892,1.229
3893,1.234
3894,1.255
3895,1.207
3896,1.122
3897,1.167
3898,1.158
3899,1.207
3900,1.196
3901,1.18
3902,1.166
3903,1.175
3904,1.14
3905,1.173
3906,1.211
3907,1.232
3908,1.256
3909,1.236
3910,1.247
3911,1.219
3912,1.195
3913,1.2
3914,1.215
3915,1.206
3916,1.216
3917,1.255
3918,1.289
3919,1.329
3920,1.321
3921,1.319
3922,1.344
3923,1.388
3924,1.383
3925,1.369
3926,1.39
3927,1.449
3928,1.365
3929,1.381
3930,1.367
3931,1.372
3932,1.375
3933,1.311
3934,1.287
3935,1.268
3936,1.233
3937,1.241
3938,1.248
3939,1.237
3940,1.232
3941,1.255
3942,1.254
3943,1.224
3944,1.18
3945,1.172
3946,1.18
3947,1.173
3948,1.158
3949,1.179
3950,1.171
3951,1.178
3952,1.163
3953,1.178
3954,1.167
3955,1.172
3956,1.164
3957,1.174
3958,1.234
3959,1.212
3960,1.266
3961,1.298
3962,1.302
3963,1.309
3964,1.275
3965,1.287
3966,1.194
3967,1.203
3968,1.171
3969,1.19
3970,1.222
3971,1.189
3972,1.172
3973,1.191
3974,1.184
3975,1.187
3976,1.159
3977,1.159
3978,1.161
3979,1.163
3980,1.158
3981,1.156
3982,1.135
3983,1.149
3984,1.157
3985,1.141
3986,1.127
3987,1.071
3988,1.027
3989,1.028
3990,1.044
3991,1.05
3992,0.959
3993,0.904
3994,0.922
3995,0.91
3996,0.864
3997,0.878
3998,0.886
3999,0.936
4000,0.915
4001,0.865
4002,0.734
4003,0.695
4004,0.653
4005,0.699
4006,0.708
4007,0.719
4008,0.706
4009,0.732
4010,0.705
4011,0.737
4012,0.713
4013,0.731
4014,0.695
4015,0.642
4016,0.657
4017,0.674
4018,0.726
4019,0.768
4020,0.751
4021,0.716
4022,0.679
4023,0.685
4024,0.675
4025,0.665
4026,0.669
4027,0.686
4028,0.675
4029,0.666
4030,0.657
4031,0.662
4032,0.649
4033,0.591
4034,0.592
4035,0.583
4036,0.55
4037,0.584
4038,0.558
4039,0.567
4040,0.612
4041,0.623
4042,0.634
4043,0.646
4044,0.625
4045,0.641
4046,0.709
4047,0.699
4048,0.681
4049,0.702
4050,0.709
4051,0.741
4052,0.73
4053,0.761
4054,0.737
4055,0.726
4056,0.696
4057,0.688
4058,0.707
4059,0.732
4060,0.713
4061,0.7
4062,0.729
4063,0.749
4064,0.774
4065,0.773
4066,0.806
4067,0.832
4068,0.818
4069,0.808
4070,0.827
4071,0.83
4072,0.839
4073,0.843
4074,0.833
4075,0.849
4076,0.823
4077,0.784
4078,0.801
4079,0.819
4080,0.812
4081,0.821
4082,0.844
4083,0.803
4084,0.779
4085,0.75
4086,0.779
4087,0.781
4088,0.775
4089,0.749
4090,0.728
4091,0.736
4092,0.721
4093,0.745
4094,0.756
4095,0.73
4096,0.713
4097,0.697
4098,0.712
4099,0.712
4100,0.704
4101,0.715
4102,0.707
4103,0.71
4104,0.697
4105,0.657
4106,0.646
4107,0.66
4108,0.659
4109,0.687
4110,0.684
4111,0.684
4112,0.676
4113,0.683
4114,0.772
4115,0.746
4116,0.74
4117,0.742
4118,0.741
4119,0.753
4120,0.776
4121,0.778
4122,0.775
4123,0.769
4124,0.79
4125,0.77
4126,0.797
4127,0.797
4128,0.784
4129,0.805
4130,0.828
4131,0.829
4132,0.857
4133,0.866
4134,0.857
4135,0.86
4136,0.848
4137,0.9
4138,0.968
4139,0.956
4140,0.936
4141,0.944
4142,0.971
4143,0.973
4144,0.967
4145,0.961
4146,0.946
4147,0.957
4148,0.951
4149,0.984
4150,1.019
4151,1.051
4152,1.046
4153,1.017
4154,1.005
4155,1.026
4156,1.028
4157,1.008
4158,1.033
4159,1.045
4160,1.01
4161,1.018
4162,1.028
4163,1.015
4164,0.992
4165,0.988
4166,0.974
4167,0.962
4168,0.965
4169,0.955
4170,0.925
4171,0.914
4172,0.915
4173,0.918
4174,0.93
4175,0.889
4176,0.887
4177,0.893
4178,0.897
4179,0.904
4180,0.882
4181,0.877
4182,0.894
4183,0.935
4184,0.946
4185,0.971
4186,1.017
4187,1.049
4188,1.035
4189,1.021
4190,1.02
4191,1.079
4192,1.165
4193,1.168
4194,1.154
4195,1.169
4196,1.134
4197,1.129
4198,1.148
4199,1.108
4200,1.109
4201,1.097
4202,1.091
4203,1.128
4204,1.176
4205,1.175
4206,1.155
4207,1.16
4208,1.169
4209,1.122
4210,1.112
4211,1.079
4212,1.137
4213,1.175
4214,1.167
4215,1.256
4216,1.216
4217,1.341
4218,1.278
4219,1.257
4220,1.271
4221,1.254
4222,1.255
4223,1.249
4224,1.258
4225,1.237
4226,1.248
4227,1.247
4228,1.199
4229,1.158
4230,1.117
4231,1.169
4232,1.214
4233,1.335
4234,1.378
4235,1.405
4236,1.394
4237,1.401
4238,1.487
4239,1.431
4240,1.39
4241,1.434
4242,1.442
4243,1.441
4244,1.366
4245,1.407
4246,1.366
4247,1.397
4248,1.365
4249,1.423
4250,1.399
4251,1.391
4252,1.376
4253,1.375
4254,1.328
4255,1.287
4256,1.274
4257,1.261
4258,1.223
4259,1.177
4260,1.183
4261,1.17
4262,1.157
4263,1.117
4264,1.101
4265,1.169
4266,1.13
4267,1.177
4268,1.149
4269,1.185
4270,1.3
4271,1.326
4272,1.297
4273,1.283
4274,1.3
4275,1.379
4276,1.497
4277,1.545
4278,1.553
4279,1.495
4280,1.435
4281,1.461
4282,1.45
4283,1.425
4284,1.417
4285,1.438
4286,1.397
4287,1.448
4288,1.403
4289,1.359
4290,1.382
4291,1.38
4292,1.41
4293,1.4
4294,1.376
4295,1.318
4296,1.334
4297,1.338
4298,1.323
4299,1.344
4300,1.292
4301,1.307
4302,1.223
4303,1.26
4304,1.273
4305,1.347
4306,1.343
4307,1.336
4308,1.328
4309,1.344
4310,1.409
4311,1.422
4312,1.388
4313,1.332
4314,1.363
4315,1.345
4316,1.341
4317,1.338
4318,1.317
4319,1.329
4320,1.381
4321,1.375
4322,1.424
4323,1.412
4324,1.399
4325,1.442
4326,1.43
4327,1.413
4328,1.408
4329,1.404
4330,1.401
4331,1.374
4332,1.377
4333,1.375
4334,1.387
4335,1.379
4336,1.411
4337,1.402
4338,1.42
4339,1.43
4340,1.472
4341,1.44
4342,1.43
4343,1.428
4344,1.416
4345,1.4
4346,1.349
4347,1.309
4348,1.304
4349,1.292
4350,1.266
4351,1.288
4352,1.306
4353,1.378
4354,1.36
4355,1.389
4356,1.401
4357,1.403
4358,1.406
4359,1.397
4360,1.389
4361,1.36
4362,1.381
4363,1.375
4364,1.345
4365,1.377
4366,1.39
4367,1.42
4368,1.435
4369,1.436
4370,1.438
4371,1.436
4372,1.417
4373,1.433
4374,1.464
4375,1.472
4376,1.446
4377,1.422
4378,1.378
4379,1.388
4380,1.427
4381,1.347
4382,1.35
4383,1.368
4384,1.341
4385,1.333
4386,1.318
4387,1.326
4388,1.333
4389,1.32
4390,1.297
4391,1.286
4392,1.305
4393,1.281
4394,1.264
4395,1.213
4396,1.205
4397,1.183
4398,1.202
4399,1.198
4400,1.215
4401,1.2
4402,1.177
4403,1.114
4404,1.09
4405,1.037
4406,1.041
4407,1.064
4408,1.082
4409,1.051
4410,1.08
4411,1.089
4412,1.053
4413,1.038
4414,0.988
4415,0.999
4416,1.011
4417,1.012
4418,1.046
4419,1.025
4420,1.032
4421,1.026
4422,1.019
4423,1.007
4424,0.995
4425,1.018
4426,1.045
4427,1.099
4428,1.111
4429,1.105
4430,1.119
4431,1.16
4432,1.178
4433,1.184
4434,1.149
4435,1.139
4436,1.177
4437,1.218
4438,1.195
4439,1.178
4440,1.187
4441,1.22
4442,1.207
4443,1.189
4444,1.19
4445,1.179
4446,1.191
4447,1.153
4448,1.133
4449,1.106
4450,1.082
4451,1.053
4452,1.044
4453,1.055
4454,1.049
4455,1.039
4456,1.043
4457,1.047
4458,1.042
4459,1.052
4460,1.048
4461,1.041
4462,1.036
4463,0.994
4464,1.008
4465,1.014
4466,1.015
4467,1.055
4468,1.065
4469,1.08
4470,1.081
4471,1.111
4472,1.106
4473,1.058
4474,1.059
4475,1.064
4476,1.137
4477,1.153
4478,1.153
4479,1.144
4480,1.172
4481,1.147
4482,1.118
4483,1.088
4484,1.116
4485,1.081
4486,1.116
4487,1.155
4488,1.153
4489,1.147
4490,1.144
4491,1.168
4492,1.097
4493,1.093
4494,1.084
4495,1.076
4496,1.077
4497,1.069
4498,1.064
4499,1.073
4500,1.07
4501,1.055
4502,1.086
4503,1.095
4504,1.089
4505,1.092
4506,1.086
4507,1.068
4508,1.081
4509,1.103
4510,1.075
4511,1.152
4512,1.176
4513,1.172
4514,1.173
4515,1.173
4516,1.036
4517,1.037
4518,1.027
4519,1.041
4520,1.037
4521,1.056
4522,1.087
4523,1.167
4524,1.148
4525,1.125
4526,1.131
4527,1.136
4528,1.139
4529,1.129
4530,1.165
4531,1.165
4532,1.2
4533,1.211
4534,1.203
4535,1.205
4536,1.203
4537,1.173
4538,1.19
4539,1.168
4540,1.256
4541,1.243
4542,1.233
4543,1.241
4544,1.229
4545,1.213
4546,1.203
4547,1.183
4548,1.17
4549,1.193
4550,1.196
4551,1.147
4552,1.152
4553,1.143
4554,1.134
4555,1.139
4556,1.146
4557,1.071
4558,1.083
4559,1.052
4560,1.089
4561,1.091
4562,1.105
4563,1.079
4564,1.058
4565,1.07
4566,1.04
4567,1.076
4568,1.067
4569,1.048
4570,1.058
4571,1.053
4572,1.054
4573,1.049
4574,1.067
4575,1.051
4576,1.045
4577,1.059
4578,1.058
4579,1.069
4580,1.046
4581,1.069
4582,1.077
4583,1.083
4584,1.071
4585,1.071
4586,1.058
4587,1.03
4588,1.006
4589,0.935
4590,0.916
4591,0.921
4592,0.929
4593,0.959
4594,0.978
4595,0.982
4596,0.972
4597,0.968
4598,0.963
4599,0.982
4600,0.964
4601,0.944
4602,0.941
4603,0.922
4604,0.939
4605,0.912
4606,0.909
4607,0.862
4608,0.877
4609,0.906
4610,0.922
4611,0.901
4612,0.919
4613,0.916
4614,0.933
4615,0.917
4616,0.886
4617,0.888
4618,0.901
4619,0.943
4620,0.944
4621,0.93
4622,0.937
4623,0.943
4624,0.948
4625,0.92
4626,0.921
4627,0.927
4628,0.93
4629,0.916
4630,0.901
4631,0.888
4632,0.891
4633,0.889
4634,0.901
4635,0.928
4636,0.928
4637,0.931
4638,0.954
4639,0.955
4640,0.969
4641,0.941
4642,0.912
4643,0.914
4644,0.885
4645,0.88
4646,0.885
4647,0.92
4648,0.93
4649,0.94
4650,0.942
4651,0.912
4652,0.919
4653,0.911
4654,0.917
4655,0.927
4656,0.928
4657,0.939
4658,0.924
4659,0.937
4660,0.928
4661,0.917
4662,0.921
4663,0.919
4664,0.911
4665,0.902
4666,0.892
4667,0.892
4668,0.903
4669,0.892
4670,0.879
4671,0.876
4672,0.884
4673,0.859
4674,0.873
4675,0.866
4676,0.879
4677,0.892
4678,0.891
4679,0.899
4680,0.895
4681,0.916
4682,0.912
4683,0.912
4684,0.908
4685,0.912
4686,0.904
4687,0.901
4688,0.889
4689,0.887
4690,0.901
4691,0.906
4692,0.927
4693,0.913
4694,0.919
4695,0.914
4696,0.908
4697,0.891
4698,0.898
4699,0.89
4700,0.89
4701,0.885
4702,0.889
4703,0.898
4704,0.908
4705,0.904
4706,0.909
4707,0.893
4708,0.885
4709,0.883
4710,0.877
4711,0.884
4712,0.886
4713,0.888
4714,0.883
4715,0.883
4716,0.886
4717,0.877
4718,0.871
4719,0.866
4720,0.866
4721,0.852
4722,0.83
4723,0.832
4724,0.831
4725,0.832
4726,0.819
4727,0.819
4728,0.82
4729,0.828
4730,0.832
4731,0.832
4732,0.826
4733,0.82
4734,0.803
4735,0.753
4736,0.752
4737,0.783
4738,0.801
4739,0.8
4740,0.837
4741,0.834
4742,0.831
4743,0.81
4744,0.804
4745,0.813
4746,0.817
4747,0.817
4748,0.815
4749,0.824
4750,0.819
4751,0.805
4752,0.806
4753,0.809
4754,0.813
4755,0.809
4756,0.821
4757,0.817
4758,0.814
4759,0.836
4760,0.847
4761,0.889
4762,0.889
4763,0.89
4764,0.904
4765,0.905
4766,0.887
4767,0.878
4768,0.903
4769,0.912
4770,0.896
4771,0.9
4772,0.889
4773,0.887
4774,0.87
4775,0.849
4776,0.857
4777,0.866
4778,0.876
4779,0.87
4780,0.849
4781,0.847
4782,0.862
4783,0.862
4784,0.861
4785,0.899
4786,0.899
4787,0.894
4788,0.879
4789,0.88
4790,0.877
4791,0.88
4792,0.876
4793,0.877
4794,0.873
4795,0.863
4796,0.856
4797,0.862
4798,0.882
4799,0.917
4800,0.897
4801,0.899
4802,0.906
4803,0.9
4804,0.885
4805,0.876
4806,0.883
4807,0.87
4808,0.871
4809,0.91
4810,0.934
4811,0.906
4812,0.927
4813,0.939
4814,0.94
4815,0.944
4816,0.942
4817,0.933
4818,0.941
4819,0.94
4820,0.928
4821,0.913
4822,0.931
4823,0.909
4824,0.912
4825,0.932
4826,0.932
4827,0.939
4828,0.95
4829,0.944
4830,0.961
4831,0.958
4832,0.948
4833,0.951
4834,0.939
4835,0.934
4836,0.935
4837,0.945
4838,0.92
4839,0.899
4840,0.904
4841,0.908
4842,0.904
4843,0.896
4844,0.914
4845,0.889
4846,0.879
4847,0.884
4848,0.888
4849,0.889
4850,0.898
4851,0.884
4852,0.887
4853,0.892
4854,0.902
4855,0.894
4856,0.876
4857,0.879
4858,0.877
4859,0.866
4860,0.907
4861,0.905
4862,0.893
4863,0.896
4864,0.914
4865,0.902
4866,0.942
4867,0.977
4868,0.982
4869,1.01
4870,1.028
4871,1.025
4872,1.03
4873,1.019
4874,1.015
4875,1.017
4876,0.999
4877,0.997
4878,0.991
4879,0.993
4880,0.991
4881,1.019
4882,1.006
4883,0.949
4884,0.966
4885,0.933
4886,0.964
4887,0.982
4888,1.011
4889,1.002
4890,0.933
4891,0.913
4892,0.905
4893,0.898
4894,0.776
4895,0.771
4896,0.757
4897,0.739
4898,0.714
4899,0.667
4900,0.606
4901,0.553
4902,0.592
4903,0.634
4904,0.628
4905,0.707
4906,0.696
4907,0.688
4908,0.652
4909,0.679
4910,0.675
4911,0.653
4912,0.651
4913,0.671
4914,0.649
4915,0.633
4916,0.626
4917,0.627
4918,0.625
4919,0.606
4920,0.623
4921,0.608
4922,0.614
4923,0.619
4924,0.628
4925,0.632
4926,0.601
4927,0.615
4928,0.608
4929,0.604
4930,0.594
4931,0.611
4932,0.618
4933,0.618
4934,0.618
4935,0.629
4936,0.617
4937,0.606
4938,0.613
4939,0.604
4940,0.594
4941,0.577
4942,0.586
4943,0.587
4944,0.558
4945,0.554
4946,0.553
4947,0.556
4948,0.559
4949,0.553
4950,0.559
4951,0.555
4952,0.56
4953,0.55
4954,0.549
4955,0.553
4956,0.547
4957,0.549
4958,0.547
4959,0.549
4960,0.546
4961,0.542
4962,0.543
4963,0.541
4964,0.515
4965,0.52
4966,0.527
4967,0.511
4968,0.505
4969,0.504
4970,0.501
4971,0.501
4972,0.481
4973,0.501
4974,0.536
4975,0.443
4976,0.48
4977,0.608
4978,0.596
4979,0.633
4980,0.662
4981,0.642
4982,0.62
4983,0.621
4984,0.686
4985,0.688
4986,0.664
4987,0.679
4988,0.689
4989,0.699
4990,0.684
4991,0.688
4992,0.671
4993,0.686
4994,0.687
4995,0.675
4996,0.683
4997,0.679
4998,0.697
4999,0.687
5000,0.756